time,activator_0.1nM_rep01,activator_0.1nM_rep02,activator_0.1nM_rep03,activator_0.1nM_rep04,activator_0.01nM_rep01,activator_0.01nM_rep02,activator_0.01nM_rep03,activator_0.01nM_rep04,activator_0.001nM_rep01,activator_0.001nM_rep02,activator_0.001nM_rep03,activator_0.001nM_rep04,activator_0.0001nM_rep01,activator_0.0001nM_rep02,activator_0.0001nM_rep03,activator_0.0001nM_rep04,activator_1e-05nM_rep01,activator_1e-05nM_rep02,activator_1e-05nM_rep03,activator_1e-05nM_rep04,activator_1e-06nM_rep01,activator_1e-06nM_rep02,activator_1e-06nM_rep03,activator_1e-06nM_rep04,activator_1e-07nM_rep01,activator_1e-07nM_rep02,activator_1e-07nM_rep03,activator_1e-07nM_rep04,activator_1e-08nM_rep01,activator_1e-08nM_rep02,activator_1e-08nM_rep03,activator_1e-08nM_rep04,activator_0nM_rep01,activator_0nM_rep02,activator_0nM_rep03,activator_0nM_rep04,activator_0nM_rep05,activator_0nM_rep06,activator_0nM_rep07,activator_0nM_rep08,activator_0.1nM_rep05,activator_0.1nM_rep06,activator_0.1nM_rep07,activator_0.1nM_rep08,activator_0.01nM_rep05,activator_0.01nM_rep06,activator_0.01nM_rep07,activator_0.01nM_rep08,activator_0.001nM_rep05,activator_0.001nM_rep06,activator_0.001nM_rep07,activator_0.001nM_rep08,activator_0.0001nM_rep05,activator_0.0001nM_rep06,activator_0.0001nM_rep07,activator_0.0001nM_rep08,activator_1e-05nM_rep05,activator_1e-05nM_rep06,activator_1e-05nM_rep07,activator_1e-05nM_rep08,activator_1e-06nM_rep05,activator_1e-06nM_rep06,activator_1e-06nM_rep07,activator_1e-06nM_rep08,activator_1e-07nM_rep05,activator_1e-07nM_rep06,activator_1e-07nM_rep07,activator_1e-07nM_rep08,activator_1e-08nM_rep05,activator_1e-08nM_rep06,activator_1e-08nM_rep07,activator_1e-08nM_rep08,activator_0nM_rep09,activator_0nM_rep10,activator_0nM_rep11,activator_0nM_rep12,activator_0nM_rep13,activator_0nM_rep14,activator_0nM_rep15,activator_0nM_rep16
0,0,0,0,0,0,0,0,0,0,0,0,0,0,0,0,0,0,0,0,0,0,0,0,0,0,0,0,0,0,0,0,0,0,0,0,0,0,0,0,0,0,0,0,0,0,0,0,0,0,0,0,0,0,0,0,0,0,0,0,0,0,0,0,0,0,0,0,0,0,0,0,0,0,0,0,0,0,0,0,0
1.768766667,147,103,134,105,8,19,-7,17,0,11,-3,-1,-27,23,6,5,6,-21,22,-13,-8,-3,10,7,9,-3,-15,-11,-16,1,-5,5,-13,-16,2,15,-11,4,-17,-2,226,184,210,189,11,14,51,0,-8,-5,14,18,-4,-7,-8,-21,-19,-13,-3,1,-9,20,15,-6,28,43,-7,-7,-10,22,25,-2,-11,18,4,46,-4,-8,14,21
3.53745,454,385,486,324,18,59,47,31,-23,5,-8,5,-31,11,10,-33,11,-12,-3,-18,-18,11,18,-14,3,-34,-17,-18,-5,6,-8,2,-15,-18,-4,7,-28,-21,-28,-17,550,506,652,539,51,26,55,15,4,0,18,8,9,-2,25,5,4,-8,19,1,-10,30,-6,-12,37,5,2,-9,2,8,17,5,1,-1,13,17,-4,-32,8,17
5.3062,1027,882,1000,758,99,94,65,69,5,6,12,19,-38,3,-8,8,16,-11,-7,-19,-9,-13,15,-11,11,0,-20,-8,11,25,-5,24,-15,6,3,20,-9,-8,-4,-5,1038,966,1151,995,87,84,106,90,-1,23,22,21,-1,7,1,-17,-1,3,-6,8,18,20,-1,15,31,10,-3,-14,6,16,9,24,-5,3,5,51,24,-2,31,34
7.075083333,1731,1510,1704,1361,173,152,158,154,20,19,18,24,-29,37,19,5,5,-12,4,11,1,8,20,0,-2,12,-6,9,23,2,9,18,2,14,35,32,-23,-7,2,-11,1627,1453,1694,1600,137,126,172,131,19,0,17,37,23,8,14,28,-2,-10,11,27,30,30,0,15,31,37,22,-2,-7,27,18,6,23,10,14,37,-2,-22,-3,74
8.843916667,2360,2193,2312,1995,225,243,213,199,44,36,25,54,-10,41,7,10,-1,11,31,-3,-2,3,15,10,7,-5,-26,32,6,14,2,18,38,-5,14,15,-12,21,-6,5,2130,2053,2259,2135,231,198,238,238,29,26,43,43,31,14,32,2,-5,-12,15,23,25,39,20,47,42,30,6,10,6,28,27,-4,29,1,22,39,3,-19,23,42
10.61273333,2960,2882,2902,2550,314,347,269,263,32,50,32,42,9,17,27,-5,9,1,23,7,13,3,29,23,20,6,0,-4,13,18,13,29,23,18,53,33,-19,9,-1,20,2683,2605,2689,2705,325,266,316,272,50,33,63,44,19,28,28,7,17,6,35,40,40,30,29,25,35,28,11,13,19,32,27,35,17,15,44,45,18,14,21,59
12.3816,3667,3604,3611,3078,409,377,363,356,32,59,59,34,-9,35,28,26,26,3,30,12,4,0,46,5,33,10,-9,12,41,13,27,24,21,17,58,45,-12,33,28,13,3190,3172,3139,3257,347,331,362,353,52,42,93,67,31,45,39,18,21,17,39,32,6,51,24,53,52,62,17,8,24,14,36,38,26,32,50,62,16,3,41,54
14.1504,4094,4038,4199,3540,455,443,427,397,37,59,61,78,5,43,34,-2,22,5,32,28,24,11,44,34,26,1,1,1,22,16,10,45,26,22,67,21,25,21,3,30,3540,3593,3610,3733,435,394,415,416,72,60,98,99,28,32,59,35,37,6,23,70,43,39,46,44,64,41,40,37,44,38,29,25,36,30,47,82,-3,46,37,46
15.91926667,4632,4564,4515,4066,505,535,520,451,53,74,57,89,3,32,45,31,9,3,28,14,12,33,33,22,48,12,12,16,19,22,45,36,18,12,67,56,3,17,6,23,3994,4116,3989,4093,478,467,500,482,71,62,105,116,54,22,67,45,46,13,11,45,21,47,69,34,51,38,36,9,27,57,48,27,39,46,41,86,45,20,55,70
17.68825,5038,5098,4955,4498,565,574,570,562,91,94,64,86,41,55,45,15,26,-1,35,18,10,3,58,17,33,20,8,-2,30,35,39,28,10,39,66,55,28,37,18,37,4426,4482,4348,4549,528,512,517,517,84,84,89,111,47,32,41,31,22,22,19,61,25,67,56,51,54,61,45,31,46,46,53,26,45,42,30,96,4,18,52,43
19.45731667,5416,5438,5477,4747,672,663,656,637,80,83,85,95,6,62,26,32,43,26,67,11,28,24,51,26,22,-2,30,16,46,36,37,39,26,38,62,65,13,48,13,30,4710,4848,4663,4875,607,543,586,574,73,90,106,111,56,46,61,11,41,15,26,77,50,55,95,59,85,62,43,23,50,37,33,29,50,34,65,94,28,22,85,77
21.22631667,5780,5887,5747,5216,736,677,722,676,88,110,90,110,25,52,29,24,25,12,37,34,42,40,48,38,52,23,18,17,64,39,14,37,22,48,79,62,20,49,21,43,5062,5279,4905,5251,645,618,648,629,84,102,116,126,69,50,51,55,50,11,62,47,49,66,80,79,72,49,39,23,24,45,41,38,58,60,37,100,36,31,52,108
22.99518333,6017,6170,5975,5547,741,814,818,740,81,115,97,91,32,55,28,12,31,5,18,14,1,56,78,36,26,13,4,19,29,45,39,58,41,40,59,96,8,25,50,53,5318,5387,5143,5535,703,687,651,682,116,115,120,129,62,50,60,44,28,11,30,69,30,65,98,79,79,46,74,28,29,44,53,35,36,60,55,74,21,22,74,87
24.76415,6188,6387,6305,5804,820,841,866,785,80,110,111,116,24,48,49,40,31,23,41,32,18,18,50,24,54,40,47,48,48,44,47,48,37,37,84,46,45,36,47,62,5654,5725,5308,5822,767,788,730,712,126,125,109,123,75,52,63,54,32,11,30,89,42,85,101,63,62,65,52,34,33,52,66,38,69,33,55,120,48,49,34,75
26.5333,6520,6666,6469,6150,924,936,922,862,127,112,141,129,15,46,70,50,45,13,67,40,25,22,57,28,27,51,24,37,31,61,42,49,35,41,60,47,28,22,50,52,5865,6059,5520,6099,850,774,764,794,101,116,140,117,50,56,73,61,45,28,60,54,37,90,110,68,51,78,31,32,58,48,61,35,55,45,39,86,63,26,52,83
28.3025,6703,6867,6644,6354,913,979,900,895,128,143,124,134,19,52,56,28,45,34,65,27,27,48,57,45,58,44,14,16,45,43,53,51,32,62,76,76,21,47,49,52,6015,6213,5767,6172,874,862,834,831,139,116,143,141,38,57,55,55,36,31,29,83,44,81,98,77,57,69,44,47,24,58,54,38,38,51,47,94,23,33,39,96
30.07151667,6841,6973,6858,6715,978,990,998,989,130,139,136,142,17,58,61,59,53,26,41,19,29,18,56,29,30,30,21,31,35,35,41,54,32,69,103,65,18,57,67,52,6195,6448,5917,6539,937,865,849,853,164,138,146,134,57,56,66,36,27,17,43,79,59,68,115,55,71,43,43,35,50,38,50,40,59,63,51,86,31,33,62,78
31.8405,7030,7151,6988,6731,1034,1062,1063,1022,144,153,128,143,27,80,52,37,42,15,54,31,46,21,53,47,36,29,26,21,47,65,52,45,45,50,77,45,30,41,85,39,6336,6594,6017,6680,949,920,977,936,147,119,158,158,65,57,43,41,49,16,44,84,45,83,141,72,66,81,45,44,48,52,60,28,66,47,41,91,37,12,69,86
33.60966667,7182,7263,7129,6941,1067,1098,1134,1038,143,151,166,139,17,57,52,32,61,53,54,39,16,55,67,20,37,40,26,34,41,58,53,53,31,46,83,83,40,42,48,69,6403,6686,6234,6773,985,981,939,1020,140,147,152,184,83,76,64,74,47,42,43,65,67,80,150,73,66,85,51,17,42,51,67,50,73,62,77,83,45,39,70,107
35.37883333,7329,7471,7237,6991,1126,1151,1188,1122,157,147,150,148,49,83,43,35,50,21,56,38,53,47,77,27,55,14,38,22,57,52,33,41,51,55,93,67,2,42,51,29,6710,6909,6377,6999,1059,963,1000,981,176,149,163,189,59,88,62,47,49,33,62,78,41,96,168,60,68,76,58,19,31,52,48,40,89,59,49,114,59,56,55,105
37.14791667,7512,7638,7455,7187,1131,1208,1193,1143,167,132,178,147,41,89,74,25,63,31,49,28,23,36,70,33,55,42,34,26,33,38,54,70,61,41,82,94,25,47,72,38,6793,7035,6503,7069,1048,1060,1011,1046,163,159,166,163,79,66,78,59,49,13,33,74,55,88,182,73,81,50,78,22,48,68,62,64,59,68,57,76,51,62,68,116
38.91688333,7624,7735,7576,7234,1122,1172,1241,1199,136,149,171,176,57,80,70,47,57,19,89,46,51,57,64,55,59,31,27,35,61,45,36,56,62,52,66,83,42,54,78,64,6806,7195,6644,7296,1169,1004,1023,1057,151,144,165,187,67,75,66,87,60,41,52,82,62,94,171,52,70,72,50,42,64,57,72,48,79,51,62,113,54,43,87,83
40.68596667,7884,7815,7633,7382,1200,1265,1279,1236,160,159,178,147,24,69,71,68,45,17,75,56,25,27,78,21,64,53,15,29,50,71,37,45,68,49,92,107,1,66,95,68,7046,7385,6716,7307,1152,1099,1072,1114,171,168,168,189,92,52,50,41,35,12,46,92,61,117,160,64,91,75,52,52,37,76,84,62,84,62,65,108,58,53,89,85
42.455,7818,7999,7814,7599,1248,1295,1305,1313,155,165,175,194,82,65,46,47,75,14,78,57,38,44,88,60,69,36,40,48,66,57,52,58,73,41,90,84,51,42,83,37,7036,7578,6725,7302,1145,1142,1179,1147,161,155,168,180,53,84,98,73,56,13,47,86,54,99,202,66,82,65,58,42,59,73,52,45,72,70,80,126,45,57,65,87
44.22416667,8041,8039,7965,7596,1288,1330,1332,1272,209,159,186,192,38,71,61,54,58,42,47,63,47,41,81,57,53,31,41,21,46,50,57,58,53,77,112,77,35,56,88,85,7160,7528,6909,7549,1186,1170,1142,1160,161,197,181,175,60,76,78,76,45,48,59,102,32,100,236,74,70,75,77,38,61,52,59,51,85,57,65,124,49,53,69,71
45.99336667,7967,8097,8041,7828,1330,1371,1380,1329,178,160,183,192,36,89,50,54,66,35,70,38,36,64,78,56,59,27,25,42,59,86,48,63,59,70,119,82,39,58,102,33,7246,7613,6890,7553,1232,1218,1160,1210,187,181,185,184,80,88,85,51,42,37,20,114,66,120,229,60,114,57,48,47,55,59,84,38,84,97,79,135,62,45,84,90
47.76275,8063,8352,8139,7772,1385,1422,1367,1387,190,180,192,192,37,80,67,44,56,58,62,32,21,51,80,49,41,40,45,49,51,43,45,55,47,76,110,79,15,47,116,51,7432,7689,6926,7524,1263,1200,1195,1244,182,172,188,189,77,116,69,76,28,44,49,106,47,122,233,89,81,96,59,30,65,80,69,55,66,82,59,100,42,53,72,85
49.53168333,8075,8353,8168,7957,1368,1440,1495,1447,199,174,170,206,56,68,64,59,54,42,82,30,39,44,66,42,48,27,29,75,59,62,60,62,60,86,93,84,61,69,88,54,7440,7934,7110,7862,1344,1220,1229,1282,198,180,181,202,81,86,80,76,51,48,57,63,85,104,265,43,77,91,62,49,44,70,84,51,86,63,68,36,68,56,87,88
51.30068333,8303,8386,8137,7954,1435,1395,1473,1456,186,161,188,201,46,78,60,63,69,18,64,31,44,37,65,28,36,53,46,52,68,53,52,58,41,69,78,87,63,65,105,33,7591,7845,7304,7775,1324,1339,1291,1230,169,184,191,197,74,97,85,69,46,50,23,74,61,109,285,64,89,65,63,37,43,54,48,46,68,70,84,59,49,51,85,98
53.06953333,8336,8373,8238,7877,1391,1477,1510,1519,189,206,192,175,53,61,73,61,55,36,71,55,39,29,66,33,66,39,66,39,68,42,73,67,64,72,85,104,49,49,115,73,7487,7865,7192,7775,1361,1347,1285,1334,208,183,204,197,96,104,64,58,37,55,32,100,72,95,310,81,83,93,59,14,69,70,73,51,80,68,62,68,63,45,102,103
54.83838333,8342,8475,8394,8139,1494,1496,1629,1559,207,199,186,198,52,95,78,94,61,13,62,31,54,38,89,43,55,47,76,50,58,44,59,68,72,81,75,104,58,68,96,51,7550,7986,7341,8063,1323,1355,1319,1319,194,187,221,214,72,79,69,54,63,34,44,101,58,119,273,90,91,79,74,30,75,64,87,49,71,79,79,65,73,50,91,88
56.6072,8470,8714,8463,8134,1455,1527,1549,1522,206,202,214,202,58,63,85,86,47,18,83,36,54,38,78,46,42,46,35,27,77,60,35,72,73,62,93,98,73,75,118,69,7666,8186,7362,7994,1437,1340,1325,1389,201,210,233,218,82,109,85,78,38,26,69,126,76,111,307,65,83,90,59,43,60,71,60,62,96,76,86,74,45,33,60,112
58.37596667,8443,8652,8483,8208,1572,1550,1644,1610,205,198,234,232,37,84,71,61,46,34,68,61,50,62,75,45,63,55,58,55,49,65,67,76,77,69,110,87,48,69,103,66,7810,8118,7416,8178,1440,1370,1391,1369,222,193,203,208,105,101,89,61,65,36,49,107,70,109,327,74,98,90,46,34,58,76,58,46,102,81,78,45,59,65,106,97
60.14466667,8618,8700,8619,8288,1571,1636,1598,1628,227,245,209,215,37,75,93,65,84,42,60,37,56,50,90,55,63,55,37,42,74,46,65,77,74,107,102,93,41,48,87,49,7800,8234,7542,8207,1454,1442,1408,1388,194,189,224,239,73,100,93,74,66,38,67,105,63,108,359,94,101,93,59,44,39,90,79,42,102,84,90,75,67,37,71,83
61.9134,8464,8771,8529,8297,1595,1705,1721,1615,196,211,201,236,60,84,100,70,65,27,92,65,58,35,88,65,73,42,53,23,88,69,65,73,62,55,109,79,60,68,120,71,7904,8165,7585,8244,1542,1405,1420,1463,204,192,227,225,87,82,97,65,69,35,47,91,76,110,340,104,86,84,63,66,71,95,48,79,80,99,67,73,69,57,102,87
63.68203333,8646,8781,8614,8451,1637,1684,1673,1719,224,235,246,223,50,98,85,58,67,27,82,71,63,68,68,48,63,49,52,45,58,80,65,86,65,92,107,86,42,55,121,62,7794,8358,7526,8210,1528,1481,1412,1447,219,205,221,204,91,92,104,76,75,44,63,87,54,125,394,75,87,80,82,58,76,86,73,57,91,75,81,76,60,57,103,112
65.4506,8565,8877,8691,8364,1661,1682,1695,1712,223,223,182,236,56,75,88,53,66,51,97,64,58,39,86,44,69,58,60,58,64,77,77,59,68,65,61,118,51,69,64,74,8071,8360,7537,8277,1532,1543,1496,1460,215,210,199,242,66,97,89,106,58,27,60,120,80,130,388,65,76,80,52,68,62,68,76,37,89,91,78,96,83,48,76,118
67.2192,8664,8927,8823,8483,1623,1659,1806,1699,210,232,265,211,70,96,99,71,63,44,65,50,39,50,99,74,72,54,49,52,73,55,61,90,80,91,93,85,40,72,110,81,8203,8451,7569,8421,1630,1561,1529,1498,219,224,218,218,80,101,92,80,53,53,58,106,72,132,379,79,110,84,60,52,79,62,68,42,91,95,69,88,63,70,97,102
68.98796667,8739,8858,8674,8544,1690,1737,1762,1786,228,238,282,245,35,104,80,67,49,49,79,64,51,54,84,55,61,33,70,80,73,72,64,73,82,81,83,97,66,80,93,80,8105,8411,7736,8459,1660,1524,1540,1543,232,228,258,196,93,148,100,71,65,45,60,121,81,112,419,83,98,88,57,45,93,79,76,49,83,92,95,63,97,41,103,96
70.7567,8663,8845,8915,8556,1726,1787,1756,1789,231,202,277,246,69,96,81,74,79,21,86,71,54,69,97,67,59,69,63,43,76,62,80,70,92,38,127,104,31,79,99,52,8209,8395,7747,8499,1645,1561,1558,1536,224,223,211,240,87,113,74,76,61,38,55,99,81,117,423,87,94,94,63,61,83,90,72,59,104,99,112,56,88,67,102,120
72.5254,8915,8954,8809,8593,1723,1800,1855,1838,219,198,228,242,63,78,87,80,82,36,69,65,51,46,91,43,67,39,52,47,54,63,78,69,88,83,113,118,58,47,141,71,8123,8578,7735,8640,1634,1589,1609,1556,232,239,243,224,84,123,133,82,53,61,54,88,71,145,431,104,81,69,46,40,57,86,82,64,89,108,101,75,74,87,92,103
74.29398333,8944,8935,8801,8697,1700,1839,1877,1856,262,241,270,283,70,87,93,75,85,58,75,63,77,72,97,53,78,53,49,53,79,67,72,84,76,104,103,100,55,76,117,61,8249,8569,7736,8552,1675,1616,1562,1578,232,240,214,241,89,111,75,81,62,49,70,122,84,120,522,97,75,88,72,63,62,88,79,50,86,79,78,63,85,82,99,98
76.06265,8988,8992,8926,8669,1777,1809,1910,1827,245,238,255,284,73,100,92,80,63,54,86,58,68,65,102,51,68,48,38,65,74,88,70,71,60,99,110,122,55,78,85,84,8304,8614,7987,8543,1749,1674,1620,1620,232,230,250,274,92,113,71,92,66,56,81,103,76,129,463,85,84,101,63,55,68,80,105,56,103,101,86,80,77,45,107,126
77.83138333,8988,9049,9008,8698,1805,1860,1904,1878,278,245,269,261,78,102,95,78,64,57,97,55,59,58,99,44,59,57,71,50,100,62,66,84,86,92,107,107,44,89,115,73,8370,8618,7982,8550,1748,1637,1682,1632,235,257,244,240,97,119,90,103,81,63,41,109,56,140,499,107,119,91,62,68,75,91,74,59,99,81,78,68,65,53,88,112
79.60005,9111,9020,8917,8669,1926,1991,1946,1922,212,253,276,276,55,94,93,101,78,42,101,65,61,65,101,74,82,35,76,71,69,89,87,74,75,88,109,95,50,75,101,66,8341,8788,7902,8676,1731,1669,1615,1708,267,226,265,266,81,132,118,81,84,60,87,127,94,141,520,70,101,87,67,38,90,93,94,64,112,74,95,74,71,79,93,105
81.36886667,8966,9196,9063,8609,1812,1981,2055,1971,254,230,274,273,64,106,118,74,80,48,101,70,70,86,98,60,69,49,58,55,115,77,65,88,92,89,111,112,50,79,124,86,8328,8827,8079,8553,1767,1684,1602,1685,251,248,262,260,118,130,96,93,75,60,65,111,89,153,492,78,96,86,77,57,73,98,69,61,94,85,103,100,90,75,89,112
83.1376,8906,9107,9000,8701,1817,2006,1993,1995,267,236,280,294,58,99,112,88,70,39,68,63,69,64,87,75,78,56,66,71,74,75,69,56,76,81,101,102,74,71,125,97,8428,8773,8074,8713,1792,1722,1670,1716,275,248,271,223,98,136,88,107,62,48,64,115,73,153,525,97,96,85,73,56,82,73,94,51,88,81,80,65,70,79,109,90
84.9064,8943,9136,9085,8734,1828,1947,2085,2067,258,249,265,290,53,97,98,88,81,59,87,72,65,69,84,54,87,63,70,54,67,82,80,85,79,84,118,104,76,86,136,94,8236,8870,8018,8701,1766,1754,1714,1748,269,253,269,283,104,118,98,80,59,52,74,117,76,161,573,83,114,97,79,40,78,111,71,57,97,97,100,75,63,67,91,74
86.67523333,9113,9158,9193,8868,1907,2000,2078,2070,295,269,306,281,70,106,107,75,65,58,90,77,94,55,90,53,71,74,48,76,73,71,56,85,100,90,116,124,89,61,129,96,8321,8879,7884,8653,1755,1834,1731,1704,263,268,280,265,102,111,101,111,69,43,86,122,105,139,572,101,101,83,91,67,67,111,79,53,98,71,78,83,66,90,111,53
88.44408333,8869,9146,9115,8706,1911,2026,2105,2032,297,276,274,282,46,98,89,84,74,40,108,63,75,40,89,80,89,61,65,56,87,81,76,80,82,98,90,111,65,81,112,97,8313,8964,8099,8677,1804,1842,1770,1758,250,271,291,284,77,122,96,81,98,52,50,111,90,149,593,88,99,95,78,59,75,74,91,68,102,100,102,66,80,87,76,31
90.2129,9236,9024,9179,8835,1949,2086,2110,2089,300,255,278,303,75,89,131,104,59,44,76,72,71,73,101,70,79,67,37,66,77,59,71,98,90,96,131,125,67,64,117,67,8560,8890,8101,8937,1830,1853,1780,1794,262,265,283,292,81,141,99,102,89,48,70,125,106,147,574,83,107,98,81,47,94,105,102,63,118,89,100,73,82,65,107,82
91.98175,9092,9221,9160,8750,1961,2089,2182,2102,310,263,322,319,50,107,95,95,88,65,103,48,87,92,100,65,72,87,74,67,83,69,80,101,99,113,136,133,58,91,145,84,8438,8981,8099,8789,1978,1841,1771,1764,235,252,255,268,108,122,98,100,64,73,81,108,88,148,627,98,115,87,88,56,81,99,74,72,113,103,106,69,86,54,128,53
93.7506,9062,9219,9269,8910,1939,2099,2183,2213,279,276,317,303,89,87,121,74,76,81,107,65,83,61,91,65,76,72,53,59,105,80,97,77,88,104,115,108,76,61,154,84,8476,8948,8128,9027,1958,1838,1787,1864,286,259,261,268,80,148,112,91,72,100,74,110,87,134,608,98,104,112,93,71,78,115,104,78,95,102,92,60,70,93,100,60
95.51941667,8944,9143,9227,8981,2007,2173,2252,2188,283,241,282,325,70,99,89,68,78,48,116,44,81,60,120,52,87,64,54,67,83,68,56,110,80,93,121,108,68,83,142,86,8632,8981,8158,9037,1894,1845,1832,1853,283,251,293,308,104,112,87,75,74,59,78,118,106,164,609,95,105,101,79,47,78,86,90,63,95,90,97,89,88,81,100,62
97.28833333,9179,9144,9066,8977,2060,2146,2252,2192,310,290,307,321,76,96,104,98,80,54,97,56,77,73,103,74,87,47,80,75,100,90,83,72,84,104,141,117,69,85,127,79,8531,9128,8384,8934,2026,1973,1838,1922,281,290,290,290,102,127,90,99,97,69,69,121,88,138,668,103,92,91,96,56,62,103,94,69,101,116,88,104,95,92,75,76
99.05706667,9143,9092,9201,9020,2061,2119,2272,2227,274,284,312,319,75,104,103,84,95,60,111,62,68,81,120,61,91,78,87,55,63,88,68,76,115,79,127,117,73,83,146,77,8578,9063,8234,9011,2013,1960,1850,1860,277,274,294,303,108,117,103,94,72,72,85,111,88,154,681,118,111,119,86,69,65,105,92,60,120,116,115,80,107,82,102,81
100.8259,8962,9316,9135,8932,2068,2182,2271,2196,259,273,320,319,89,108,132,86,64,51,99,90,57,54,105,62,67,55,73,60,107,70,103,96,102,88,120,116,67,62,149,67,8722,9145,8478,8915,1952,1994,1843,1914,300,295,292,310,116,141,110,111,93,75,58,145,71,172,673,101,115,109,75,67,95,108,91,57,106,120,121,96,101,96,95,62
102.5949667,9113,9228,9244,9037,2118,2221,2361,2355,315,293,305,332,93,102,146,82,106,76,111,78,75,49,106,76,103,76,85,94,108,77,72,86,84,110,147,134,76,104,146,85,8710,9100,8362,9032,2108,1973,1995,1967,283,301,311,283,121,129,123,103,101,98,68,154,91,154,673,97,121,124,88,58,76,113,100,63,116,122,123,90,95,76,83,77
104.3637667,9143,9149,9200,8905,2176,2241,2337,2334,305,300,338,315,76,95,113,76,98,59,97,75,88,59,97,76,113,70,62,54,88,94,102,92,108,93,145,138,73,83,172,81,8714,9137,8300,9078,2006,2056,1964,1947,316,335,301,303,108,123,119,107,98,71,70,116,91,164,677,106,119,127,91,47,77,102,101,65,106,127,121,88,97,105,108,62
106.1327167,9195,9162,9236,8895,2166,2318,2370,2315,279,291,323,318,77,125,114,115,101,70,97,90,99,49,115,71,89,62,77,88,89,80,76,94,96,98,161,120,76,59,137,94,8595,9125,8376,9187,2028,2048,2013,1978,297,288,302,297,124,140,122,114,84,84,74,133,106,155,739,85,122,125,99,60,91,117,119,79,105,129,101,79,96,82,103,55
107.9016167,9152,9166,9173,8980,2159,2255,2337,2386,302,310,341,361,88,107,134,107,77,82,99,90,74,74,111,57,97,88,74,78,100,73,84,110,107,107,123,133,87,75,165,68,8667,9321,8336,8907,2132,2033,2011,1988,273,323,300,295,107,165,119,113,92,61,96,129,82,172,740,105,124,116,90,44,79,108,110,54,119,106,107,82,109,85,115,71
109.6705167,9295,9314,9246,9034,2177,2260,2421,2418,297,297,355,336,112,110,114,109,92,70,130,81,94,69,123,74,93,70,81,75,77,111,72,123,92,107,144,128,61,99,181,76,8724,9227,8431,8942,2136,2039,2066,2100,284,331,297,323,113,133,104,85,95,70,100,118,97,155,781,100,130,120,81,69,61,129,95,83,133,118,114,67,105,100,98,67
111.4393667,9251,9251,9313,9012,2185,2357,2353,2444,302,313,317,357,84,109,111,104,62,67,97,77,98,59,120,46,89,81,78,66,98,108,87,96,108,104,133,130,63,87,161,89,8650,9097,8458,9083,2149,2042,2025,2025,293,322,303,306,84,150,104,94,89,84,104,143,92,178,778,96,110,111,92,64,97,110,98,54,114,104,113,99,102,81,121,54
113.20825,9105,9081,9223,8869,2264,2274,2451,2484,308,298,354,327,64,124,98,116,105,59,98,89,32,74,123,75,102,91,64,89,91,78,69,106,109,116,138,118,60,104,219,104,8864,9161,8402,9011,2091,2057,2078,2105,338,338,359,336,75,138,109,103,90,69,94,166,89,187,735,99,122,125,91,46,87,132,101,83,132,105,105,81,91,85,101,47
114.977,9113,9185,9271,9014,2265,2318,2461,2486,315,295,401,351,79,120,137,92,93,74,102,108,49,65,118,69,89,94,95,89,76,94,90,125,107,112,133,148,83,69,169,89,8728,9137,8435,9087,2198,2137,2095,2099,322,318,318,317,123,169,149,118,86,64,70,159,100,180,797,67,131,102,119,58,106,102,125,75,110,107,116,90,90,81,126,66
116.7458667,9268,9130,9292,9017,2168,2360,2532,2513,325,324,367,354,79,133,115,92,90,70,113,103,42,87,121,81,106,56,51,78,93,119,81,84,99,109,139,135,71,86,164,105,8826,9256,8557,9092,2213,2119,2077,2108,337,309,316,331,108,156,110,121,91,76,75,131,102,190,836,90,105,135,92,36,72,85,78,66,130,88,95,66,91,95,126,49
118.5147,9208,9253,9254,9034,2319,2349,2439,2440,332,320,355,347,84,90,122,83,94,54,116,106,41,84,115,93,101,71,77,61,117,87,48,101,103,112,141,140,95,98,185,83,8802,9154,8470,9028,2235,2156,2079,2124,369,324,328,344,103,164,124,124,119,85,106,141,114,175,829,102,111,137,118,77,89,110,105,67,113,129,123,92,114,113,118,78
120.2837667,9327,9185,9230,9135,2260,2362,2515,2580,320,312,346,346,77,118,131,99,66,81,120,91,31,95,125,89,109,94,61,79,99,83,87,95,113,114,160,123,76,71,166,115,8822,9266,8390,9229,2272,2207,2123,2157,337,322,336,333,96,152,129,108,98,94,86,172,108,205,850,105,142,115,111,71,83,136,98,57,153,115,128,101,122,106,125,51
122.0531167,9314,9187,9209,9069,2344,2418,2630,2579,350,315,388,374,74,98,141,80,98,66,106,121,51,82,124,85,101,61,77,69,93,116,86,93,102,113,131,165,84,83,161,99,8867,9155,8467,9206,2309,2236,2105,2165,351,330,373,315,136,172,130,102,110,64,82,146,119,205,883,76,128,114,108,48,97,105,115,70,149,142,112,61,93,76,109,62
123.8223333,9293,9118,9249,8959,2353,2471,2649,2557,328,318,386,390,78,102,149,85,104,71,119,83,49,75,122,91,101,83,94,80,114,110,112,101,118,94,149,128,69,87,180,106,8743,9187,8339,9170,2307,2189,2131,2173,348,352,343,329,134,164,152,123,90,96,98,152,101,208,894,138,121,110,116,55,102,88,93,63,136,118,106,88,103,89,95,82
125.5915167,9197,9155,9281,9060,2304,2508,2575,2638,337,322,385,366,71,114,127,122,113,53,108,113,31,80,122,77,83,105,105,93,89,93,94,111,116,113,152,160,82,82,181,98,8792,9268,8503,9093,2336,2236,2111,2167,317,347,337,318,118,141,148,123,99,94,93,143,71,171,911,98,114,113,103,60,103,124,127,73,136,154,125,112,106,96,125,103
127.36085,9216,9133,9173,8903,2409,2510,2649,2633,351,338,396,353,68,100,117,84,118,80,142,98,51,85,116,96,111,84,97,82,101,94,104,96,119,109,159,137,69,103,198,100,8758,9147,8403,9087,2311,2284,2174,2228,307,359,378,298,138,189,131,120,82,94,87,146,108,180,923,105,113,132,99,78,124,103,106,56,133,109,102,112,115,80,123,67
129.1303333,9181,9102,9350,8935,2343,2487,2697,2679,349,331,387,362,91,143,113,105,100,66,120,78,50,90,117,109,87,97,92,113,127,101,90,87,83,95,169,143,76,84,203,94,8659,9359,8423,9177,2309,2288,2195,2272,369,340,342,337,123,184,133,129,98,88,95,151,107,203,947,116,131,119,84,85,86,104,115,65,115,140,127,112,112,89,132,70
130.89945,9177,9267,9235,8983,2421,2570,2656,2662,359,315,387,379,84,104,109,110,102,85,123,90,63,72,130,69,95,78,75,82,109,94,86,117,92,146,141,165,81,87,205,101,8858,9434,8459,9201,2361,2274,2233,2258,367,336,353,370,114,186,106,119,88,102,88,131,108,208,943,84,133,119,93,57,103,98,111,84,141,135,103,70,115,89,115,71
132.6687333,9144,9163,9262,9063,2467,2636,2655,2680,351,334,405,351,114,139,120,107,94,61,114,94,37,68,92,75,101,87,94,85,129,83,101,102,118,116,157,151,85,106,198,95,8916,9255,8495,9365,2364,2350,2250,2239,347,347,362,348,149,199,137,107,80,75,102,150,125,218,944,113,160,128,98,58,88,126,111,68,137,144,128,98,111,108,138,75
134.43785,9004,9117,9122,8902,2483,2545,2746,2718,332,321,375,370,105,114,122,111,74,75,132,103,59,100,126,85,84,78,91,89,117,104,105,122,102,132,181,157,85,103,206,80,8737,9321,8587,9263,2386,2371,2211,2307,354,375,369,345,141,187,145,130,88,71,85,159,96,187,979,101,131,115,119,81,107,125,109,92,154,108,136,102,96,128,127,96
136.2071167,9160,9227,9097,8876,2514,2584,2758,2678,345,342,400,397,83,120,141,105,96,71,119,115,74,91,129,77,106,81,100,84,106,75,105,91,119,117,156,167,89,71,201,88,8642,9198,8491,9212,2436,2326,2297,2235,356,370,378,322,143,168,127,116,92,98,82,143,119,194,992,128,120,125,90,90,110,118,124,71,152,136,117,71,119,104,130,69
137.97635,8987,9141,9189,8825,2480,2684,2805,2811,360,348,383,383,120,123,123,112,101,38,102,100,76,90,122,88,108,103,68,83,114,102,106,97,98,121,131,149,111,99,217,121,8674,9359,8478,9211,2451,2376,2311,2318,381,344,364,378,138,156,129,141,96,91,99,158,133,222,944,80,134,125,114,80,113,120,119,77,115,136,123,82,125,88,134,66
139.7455,9105,9230,9154,8864,2555,2664,2818,2880,360,315,413,358,83,121,136,109,93,69,98,77,71,91,124,72,103,81,111,84,116,107,103,120,104,110,175,137,68,100,227,105,8640,9368,8522,9232,2471,2458,2332,2369,390,410,421,367,155,213,150,116,90,81,127,198,131,178,993,108,126,102,99,77,101,127,120,94,145,136,110,74,129,90,128,84
141.51535,9192,9136,9078,8824,2494,2712,2809,2825,348,349,411,372,117,133,114,120,99,67,143,98,48,90,155,80,91,90,82,99,97,114,124,100,103,122,138,135,102,96,239,108,8756,9399,8440,9227,2470,2480,2270,2357,340,357,390,388,150,181,139,89,83,94,90,138,110,185,1004,136,137,138,125,78,116,101,109,73,142,151,114,98,106,110,106,78
143.2845,9102,9117,9069,8975,2536,2658,2877,2853,357,336,397,394,122,106,151,127,113,66,129,104,33,88,119,90,99,83,86,84,86,81,111,128,104,110,148,158,85,93,206,100,8725,9395,8524,9296,2495,2477,2297,2382,382,370,356,355,141,183,148,155,107,85,124,160,105,188,1053,110,135,127,118,76,101,95,102,61,124,152,142,84,111,94,120,76
145.0535667,9193,9116,9063,8850,2622,2682,2817,2807,385,363,439,404,93,123,144,124,111,70,130,120,56,97,142,102,101,60,87,93,102,107,107,110,116,115,155,152,90,99,222,81,8781,9364,8417,9272,2449,2426,2373,2379,396,386,392,381,124,186,147,129,92,77,116,151,121,203,1082,92,135,139,134,83,103,117,137,98,139,136,137,87,131,116,139,83
146.8227667,8958,9207,9069,8907,2550,2733,2854,2847,345,362,416,416,102,143,150,118,116,65,129,91,32,93,126,81,102,67,119,108,105,82,121,104,116,110,159,134,83,113,250,89,8716,9396,8449,9222,2512,2553,2331,2432,398,377,374,368,155,186,131,138,125,107,102,157,137,215,1052,101,135,124,138,69,132,129,154,76,139,148,126,97,120,100,132,70
148.5920667,8987,8986,9096,8756,2584,2682,2966,2918,371,384,428,387,80,104,151,118,92,61,130,115,53,78,151,88,107,73,112,107,92,93,112,118,126,121,167,165,90,95,184,112,8558,9443,8367,9332,2513,2497,2375,2438,388,355,395,362,147,210,126,120,94,65,111,160,136,233,1093,89,137,138,110,84,111,103,110,67,154,147,136,80,101,112,125,72
150.36135,9010,9009,9111,8720,2644,2757,2985,2918,371,343,412,397,107,125,142,138,88,74,146,96,61,72,148,97,101,105,119,100,115,105,100,126,106,129,151,135,104,111,210,105,8683,9221,8451,9361,2582,2563,2465,2449,419,366,363,389,177,194,144,141,111,107,104,166,112,219,1113,121,137,126,138,70,108,142,133,65,135,151,135,91,132,122,153,59
152.1304667,9107,8948,9051,8750,2581,2712,3000,2929,377,371,424,398,91,127,125,116,89,75,126,120,52,80,105,88,85,103,104,86,110,97,114,112,128,121,187,169,74,103,226,123,8883,9357,8393,9487,2637,2506,2415,2444,413,393,378,382,148,201,147,133,111,114,94,154,133,253,1086,110,143,148,102,78,109,120,147,84,141,132,165,107,104,110,133,64
153.8998833,8863,8936,9002,8809,2645,2807,2993,2984,396,350,443,394,114,151,148,122,103,95,115,131,21,78,163,112,115,73,91,99,122,103,118,106,89,143,114,148,91,107,261,115,8729,9399,8438,9406,2595,2586,2395,2513,415,385,406,389,167,196,130,138,109,86,114,163,102,221,1184,92,127,125,112,62,120,125,107,69,153,164,152,62,122,113,129,76
155.6692667,8889,9115,9000,8949,2721,2743,3051,2985,385,386,403,443,126,113,160,132,103,86,125,106,50,99,144,106,98,91,84,98,111,87,125,130,105,122,169,170,93,97,247,97,8758,9496,8399,9334,2639,2563,2489,2490,390,378,377,406,156,190,145,129,119,82,114,160,139,236,1131,88,164,133,133,68,105,117,133,63,118,143,127,104,125,105,124,68
157.4384333,9065,9073,8869,8810,2725,2830,3132,3008,385,375,428,443,136,130,163,125,96,95,128,121,46,93,146,101,80,97,100,104,108,111,118,117,113,88,164,155,99,131,252,107,8657,9417,8362,9439,2676,2535,2469,2457,431,392,416,416,167,211,157,123,123,102,122,176,122,227,1143,112,145,167,109,84,115,140,128,66,155,145,134,83,150,124,123,72
159.2076667,9082,8856,8982,8720,2722,2884,3105,3084,375,391,409,434,108,157,151,129,98,84,147,88,73,88,123,74,95,84,81,99,108,109,102,123,122,136,127,169,85,92,238,122,8710,9455,8306,9272,2672,2595,2499,2556,401,403,407,341,167,186,156,137,96,113,114,163,121,230,1259,103,148,109,107,80,122,114,147,74,160,126,155,96,124,103,146,107
160.9767333,8907,8781,8919,8768,2764,2839,3066,2975,406,394,433,408,87,117,138,132,81,60,136,120,64,84,120,100,125,90,77,100,97,113,138,131,135,132,160,171,74,130,256,118,8553,9324,8416,9280,2706,2610,2500,2523,396,421,401,406,170,214,131,131,122,94,104,154,121,235,1178,95,153,140,128,59,108,137,118,83,157,156,140,103,128,119,133,74
162.74595,8992,8945,8834,8577,2745,2868,3073,3133,379,362,417,400,127,114,150,124,89,90,139,118,61,88,139,88,86,81,93,102,121,111,103,126,130,121,164,153,88,125,256,115,8712,9397,8389,9306,2726,2645,2540,2480,421,397,386,408,166,198,145,144,107,107,115,182,132,232,1189,110,149,137,129,79,115,143,136,82,149,161,177,115,137,135,136,70
164.5153,8980,9024,8799,8511,2736,2857,3083,3034,363,390,480,446,106,171,143,122,86,69,124,92,70,93,136,115,98,91,87,107,85,102,104,141,113,130,149,158,89,90,234,127,8610,9448,8340,9344,2707,2654,2565,2579,433,383,399,400,150,211,177,126,109,103,133,200,134,235,1235,120,155,154,122,70,117,143,131,64,148,132,162,106,124,86,121,79
166.2846167,8947,8969,8875,8764,2777,2845,3143,3062,405,370,453,430,102,136,150,126,112,100,117,104,75,99,146,115,120,79,93,111,90,107,126,116,132,93,158,163,74,74,255,98,8562,9454,8446,9274,2787,2644,2485,2578,389,424,423,415,137,223,155,130,122,133,120,164,127,229,1241,88,147,149,145,68,105,121,126,105,139,178,155,80,109,121,126,96
168.054,8937,8920,8900,8764,2764,2903,3162,3100,406,396,500,427,87,138,162,124,112,91,133,105,61,90,137,113,117,89,104,108,116,130,108,138,119,129,144,183,122,92,248,115,8687,9429,8321,9200,2875,2656,2529,2564,405,406,392,428,166,212,140,137,104,118,124,198,120,232,1239,59,147,111,107,109,114,144,124,69,149,160,133,99,106,128,151,68
169.8232167,8799,9015,8980,8588,2820,2963,3136,3167,450,418,452,461,113,157,144,124,108,87,150,101,70,100,143,100,121,84,106,92,108,97,111,121,136,139,150,187,89,99,255,118,8560,9383,8341,9400,2821,2734,2586,2638,445,441,406,416,150,190,147,130,123,116,112,157,139,241,1255,117,158,152,121,78,112,123,123,110,168,138,157,104,146,117,151,118
171.5925167,8884,8892,8985,8617,2748,2970,3119,3164,432,386,455,417,113,140,135,116,103,103,129,101,71,97,139,105,125,106,109,99,100,125,125,142,129,125,156,192,98,110,264,114,8693,9413,8250,9305,2789,2773,2538,2620,433,427,435,440,169,218,156,157,122,119,132,168,125,229,1322,110,154,141,128,96,118,134,143,89,154,147,125,60,129,106,134,78
173.3619833,8972,8891,8828,8738,2816,2972,3178,3176,415,411,458,444,118,162,159,130,96,89,139,83,78,93,126,107,102,98,112,123,117,107,113,111,121,123,146,171,123,121,257,114,8591,9377,8357,9211,2903,2706,2609,2665,426,442,417,441,151,246,142,147,133,99,117,161,160,230,1297,85,146,153,115,78,104,154,134,85,149,170,160,112,135,106,124,84
175.13125,9039,8699,8874,8719,2840,2928,3230,3249,385,407,485,442,125,139,178,153,105,94,142,87,66,82,131,109,79,99,103,112,124,108,143,122,130,154,142,188,107,126,259,121,8695,9321,8368,9327,2941,2898,2617,2624,465,455,423,446,145,218,159,126,130,104,104,156,139,275,1309,84,183,150,113,87,134,140,141,64,138,159,153,102,118,142,123,84
176.9007333,8814,8766,8756,8772,2911,3027,3147,3189,440,424,475,462,110,176,181,154,112,107,137,104,87,107,136,87,91,83,109,93,141,119,122,113,124,131,181,161,107,96,236,120,8581,9368,8353,9168,2875,2769,2671,2681,435,436,418,404,172,195,166,148,124,128,96,171,134,241,1273,118,146,163,126,64,131,153,149,88,160,182,140,76,146,129,151,82
178.6703,8749,8898,8714,8690,2889,3053,3242,3216,415,426,478,425,93,142,133,133,141,88,129,99,68,115,128,97,127,102,110,134,83,123,127,120,141,132,156,160,120,104,255,115,8583,9354,8353,9333,2923,2820,2710,2674,436,461,463,410,170,225,146,161,142,115,115,160,136,239,1353,111,157,153,124,68,139,123,138,85,156,160,142,94,123,123,125,86
